<?xml version="1.0" encoding="UTF-8"?>
<project-private xmlns="http://www.netbeans.org/ns/project-private/1">
    <editor-bookmarks xmlns="http://www.netbeans.org/ns/editor-bookmarks/2" lastBookmarkId="0"/>
    <open-files xmlns="http://www.netbeans.org/ns/projectui-open-files/2">
        <group>
            <file>file:/work/j1/hol/mahesh/lab2batchlet/lab2%20batchlet/web/index.html</file>
            <file>file:/work/j1/hol/mahesh/lab2batchlet/lab2%20batchlet/src/java/org/glassfish/javaee7/batch/lab2/BatchJobSubmitter.java</file>
            <file>file:/work/j1/hol/mahesh/lab2batchlet/lab2%20batchlet/src/java/org/glassfish/javaee7/batch/lab2/SummaryRecord.java</file>
            <file>file:/work/j1/hol/mahesh/lab2batchlet/lab2%20batchlet/src/java/org/glassfish/javaee7/batch/lab2/SummaryProcessor.java</file>
            <file>file:/work/j1/hol/mahesh/lab2batchlet/lab2%20batchlet/src/java/org/glassfish/javaee7/batch/lab2/PayrollStepListener.java</file>
            <file>file:/work/j1/hol/mahesh/lab2batchlet/lab2%20batchlet/src/java/org/glassfish/javaee7/batch/lab2/PayrollOutputRecordWriter.java</file>
            <file>file:/work/j1/hol/mahesh/lab2batchlet/lab2%20batchlet/src/java/org/glassfish/javaee7/batch/lab2/PayrollOutputRecordReader.java</file>
            <file>file:/work/j1/hol/mahesh/lab2batchlet/lab2%20batchlet/src/java/org/glassfish/javaee7/batch/lab2/PayrollOutputRecord.java</file>
            <file>file:/work/j1/hol/mahesh/lab2batchlet/lab2%20batchlet/src/java/org/glassfish/javaee7/batch/lab2/PayrollJobListener.java</file>
            <file>file:/work/j1/hol/mahesh/lab2batchlet/lab2%20batchlet/src/java/org/glassfish/javaee7/batch/lab2/PayrollInputRecordReader.java</file>
            <file>file:/work/j1/hol/mahesh/lab2batchlet/lab2%20batchlet/src/java/org/glassfish/javaee7/batch/lab2/PayrollInputRecordReadListener.java</file>
            <file>file:/work/j1/hol/mahesh/lab2batchlet/lab2%20batchlet/src/java/org/glassfish/javaee7/batch/lab2/PayrollInputRecord.java</file>
            <file>file:/work/j1/hol/mahesh/lab2batchlet/lab2%20batchlet/src/java/org/glassfish/javaee7/batch/lab2/PayrollDataHolderBean.java</file>
            <file>file:/work/j1/hol/mahesh/lab2batchlet/lab2%20batchlet/src/java/org/glassfish/javaee7/batch/lab2/NetPayProcessor.java</file>
            <file>file:/work/j1/hol/mahesh/lab2batchlet/lab2%20batchlet/web/WEB-INF/classes/META-INF/batch-jobs/PayrollJob.xml</file>
        </group>
    </open-files>
</project-private>
