<?xml version="1.0" encoding="UTF-8"?>
<project-private xmlns="http://www.netbeans.org/ns/project-private/1">
    <editor-bookmarks xmlns="http://www.netbeans.org/ns/editor-bookmarks/2" lastBookmarkId="0"/>
    <open-files xmlns="http://www.netbeans.org/ns/projectui-open-files/2">
        <group>
            <file>file:/work/j1/hol/dd/lab4_solution_final/web/index.html</file>
            <file>file:/work/j1/hol/dd/lab4_solution_final/web/WEB-INF/beans.xml</file>
            <file>file:/work/j1/hol/dd/lab4_solution_final/web/WEB-INF/classes/META-INF/batch-jobs/PayrollJob.xml</file>
        </group>
    </open-files>
</project-private>
