<?xml version="1.0" encoding="UTF-8"?>
<project-private xmlns="http://www.netbeans.org/ns/project-private/1">
    <editor-bookmarks xmlns="http://www.netbeans.org/ns/editor-bookmarks/2" lastBookmarkId="0"/>
    <open-files xmlns="http://www.netbeans.org/ns/projectui-open-files/2">
        <group>
            <file>file:/work/j1/hol/mahesh/lab3restart/lab3_solution/web/index.html</file>
            <file>file:/work/j1/hol/mahesh/lab3restart/lab3_solution/src/java/org/glassfish/javaee7/batch/lab3/BatchJobSubmitter.java</file>
            <file>file:/work/j1/hol/mahesh/lab3restart/lab3_solution/src/java/org/glassfish/javaee7/batch/lab3/NetPayProcessor.java</file>
            <file>file:/work/j1/hol/mahesh/lab3restart/lab3_solution/src/java/org/glassfish/javaee7/batch/lab3/PayrollDataHolderBean.java</file>
            <file>file:/work/j1/hol/mahesh/lab3restart/lab3_solution/src/java/org/glassfish/javaee7/batch/lab3/PayrollInputRecord.java</file>
            <file>file:/work/j1/hol/mahesh/lab3restart/lab3_solution/src/java/org/glassfish/javaee7/batch/lab3/PayrollInputRecordReader.java</file>
            <file>file:/work/j1/hol/mahesh/lab3restart/lab3_solution/src/java/org/glassfish/javaee7/batch/lab3/PayrollOutputRecordReader.java</file>
            <file>file:/work/j1/hol/mahesh/lab3restart/lab3_solution/src/java/org/glassfish/javaee7/batch/lab3/PayrollOutputRecordWriter.java</file>
        </group>
    </open-files>
</project-private>
